ID;[M-H]-;[(M-H)+Na+Cl]-;[M+CH2CN]-;[M+Cl]-;[(M-2H)+Na]-;[M+OH]-;[(M-H)-H2O]-;[(M-H)-2H2O]-;[(M-H)-CO2]-;[(M-H)-HPO3]-;[(M-H)-SO3]-;[M+HCO3]-
S0159;74.0247;131.9834;115.0513;110.0014;96.0067;92.0353;56.0142;38.0036;30.0349;-5.9416;-5.9321;136.0251
S0046;111.02;168.9786;152.0466;146.9967;133.0019;129.0306;93.0094;74.9989;67.0302;31.0537;31.0632;173.0204
S0058;125.0356;182.9943;166.0622;161.0123;147.0176;143.0462;107.0251;89.0145;81.0458;45.0693;45.0788;187.036
S0213;134.0281;191.9867;175.0547;170.0048;156.0101;152.0387;116.0176;98.007;90.0383;54.0618;54.0713;196.0285
S0137;151.04;208.9987;192.0666;187.0167;173.022;169.0506;133.0295;115.0189;107.0502;71.0737;71.0833;213.0405
S0082;165.0557;223.0143;206.0823;201.0324;187.0377;183.0663;147.0452;129.0346;121.0659;85.0894;85.0989;227.0561
S0008;179.0561;237.0147;220.0827;215.0328;201.0381;197.0667;161.0455;143.035;135.0663;99.0898;99.0993;241.0565
S0040;203.0826;261.0412;244.1092;239.0593;225.0645;221.0932;185.072;167.0615;159.0928;123.1163;123.1258;265.083
S0098;243.0622;301.0209;284.0888;279.0389;265.0442;261.0728;225.0517;207.0411;199.0724;163.0959;163.1054;305.0627
S0130;289.1153;347.074;330.1419;325.092;311.0973;307.1259;271.1048;253.0942;245.1255;209.149;209.1585;351.1158
S0006;341.1089;399.0676;382.1355;377.0856;363.0909;359.1195;323.0984;305.0878;297.1191;261.1426;261.1521;403.1093
S0263;482.9612;540.9199;523.9878;518.9379;504.9432;500.9718;464.9507;446.9401;438.9714;402.9949;403.0044;544.9616
S0109;87.0087;144.9674;128.0353;122.9854;108.9907;105.0193;68.9982;50.9876;43.0189;7.0424;7.052;149.0092
S0158;112.0516;170.0103;153.0782;148.0283;134.0336;130.0622;94.0411;76.0305;68.0618;32.0853;32.0948;174.052
S0071;128.0353;185.9939;169.0619;164.012;150.0173;146.0459;110.0248;92.0142;84.0455;48.069;48.0785;190.0357
S0042;134.0472;192.0058;175.0738;170.0239;156.0292;152.0578;116.0367;98.0261;90.0574;54.0809;54.0904;196.0476
S0075;151.04;208.9987;192.0666;187.0167;173.022;169.0506;133.0295;115.0189;107.0502;71.0737;71.0833;213.0405
S0088;165.0557;223.0143;206.0823;201.0324;187.0377;183.0663;147.0452;129.0346;121.0659;85.0894;85.0989;227.0561
S0065;179.0561;237.0147;220.0827;215.0328;201.0381;197.0667;161.0455;143.035;135.0663;99.0898;99.0993;241.0565
S0092;206.0822;264.0409;247.1088;242.0589;228.0642;224.0928;188.0717;170.0611;162.0924;126.1159;126.1255;268.0827
S0223;250.0932;308.0518;291.1198;286.0699;272.0752;268.1038;232.0827;214.0721;206.1034;170.1269;170.1364;312.0936
S0135;292.1038;350.0624;333.1303;328.0805;314.0857;310.1144;274.0932;256.0827;248.114;212.1375;212.147;354.1042
S0161;341.1089;399.0676;382.1355;377.0856;363.0909;359.1195;323.0984;305.0878;297.1191;261.1426;261.1521;403.1093
S0191;489.9935;547.9522;531.0201;525.9702;511.9755;508.0041;471.983;453.9724;446.0037;410.0272;410.0367;551.9939
S0138;87.0927;145.0514;128.1193;123.0694;109.0747;105.1033;69.0822;51.0716;43.1029;7.1264;7.136;149.0932
S0165;114.056;172.0147;155.0826;150.0327;136.038;132.0666;96.0455;78.0349;70.0662;34.0897;34.0992;176.0564
S0031;128.0353;185.9939;169.0619;164.012;150.0173;146.0459;110.0248;92.0142;84.0455;48.069;48.0785;190.0357
S0050;135.0312;192.9899;176.0578;171.0079;157.0132;153.0418;117.0207;99.0101;91.0414;55.0649;55.0744;197.0316
S0084;151.04;208.9987;192.0666;187.0167;173.022;169.0506;133.0295;115.0189;107.0502;71.0737;71.0833;213.0405
S0023;165.0557;223.0143;206.0823;201.0324;187.0377;183.0663;147.0452;129.0346;121.0659;85.0894;85.0989;227.0561
S0007;179.0561;237.0147;220.0827;215.0328;201.0381;197.0667;161.0455;143.035;135.0663;99.0898;99.0993;241.0565
S0055;213.1244;271.0831;254.151;249.1011;235.1064;231.135;195.1139;177.1033;169.1346;133.1581;133.1677;275.1249
S0179;251.0786;309.0372;292.1051;287.0553;273.0605;269.0891;233.068;215.0574;207.0887;171.1122;171.1218;313.079
S0180;296.0823;354.0409;337.1088;332.059;318.0642;314.0928;278.0717;260.0612;252.0925;216.116;216.1255;358.0827
S0019;341.1089;399.0676;382.1355;377.0856;363.0909;359.1195;323.0984;305.0878;297.1191;261.1426;261.1521;403.1093
S0173;505.9884;563.9471;547.015;541.9651;527.9704;523.999;487.9779;469.9673;461.9986;426.0221;426.0317;567.9889
S0024;88.0404;145.999;129.067;124.0171;110.0223;106.051;70.0298;52.0193;44.0506;8.0741;8.0836;150.0408
S0059;115.0037;172.9623;156.0302;150.9804;136.9856;133.0142;96.9931;78.9826;71.0139;35.0374;35.0469;177.0041
S0047;129.0557;187.0143;170.0823;165.0324;151.0377;147.0663;111.0452;93.0346;85.0659;49.0894;49.0989;191.0561
S0108;135.0451;193.0038;176.0717;171.0218;157.0271;153.0557;117.0346;99.024;91.0553;55.0788;55.0883;197.0455
S0095;151.04;208.9987;192.0666;187.0167;173.022;169.0506;133.0295;115.0189;107.0502;71.0737;71.0833;213.0405
S0106;165.0557;223.0143;206.0823;201.0324;187.0377;183.0663;147.0452;129.0346;121.0659;85.0894;85.0989;227.0561
S0160;179.0561;237.0147;220.0827;215.0328;201.0381;197.0667;161.0455;143.035;135.0663;99.0898;99.0993;241.0565
S0208;215.0326;272.9912;256.0592;251.0093;237.0146;233.0432;197.022;179.0115;171.0428;135.0663;135.0758;277.033
S0260;251.1037;309.0624;292.1303;287.0804;273.0857;269.1143;233.0932;215.0826;207.1139;171.1374;171.1469;313.1041
S0304;300.049;358.0076;341.0755;336.0257;322.0309;318.0596;282.0384;264.0279;256.0592;220.0827;220.0922;362.0494
S0219;344.0401;401.9988;385.0667;380.0168;366.0221;362.0507;326.0296;308.019;300.0503;264.0738;264.0833;406.0406
S0193;521.9834;579.942;563.0099;557.9601;543.9653;539.9939;503.9728;485.9623;477.9936;442.0171;442.0266;583.9838
S0012;88.0404;145.999;129.067;124.0171;110.0223;106.051;70.0298;52.0193;44.0506;8.0741;8.0836;150.0408
S0003;115.0037;172.9623;156.0302;150.9804;136.9856;133.0142;96.9931;78.9826;71.0139;35.0374;35.0469;177.0041
S0100;129.0557;187.0143;170.0823;165.0324;151.0377;147.0663;111.0452;93.0346;85.0659;49.0894;49.0989;191.0561
S0083;137.0356;194.9943;178.0622;173.0123;159.0176;155.0462;119.0251;101.0145;93.0458;57.0693;57.0788;199.036
S0101;151.04;208.9987;192.0666;187.0167;173.022;169.0506;133.0295;115.0189;107.0502;71.0737;71.0833;213.0405
S0257;166.9751;224.9337;208.0016;202.9518;188.957;184.9857;148.9645;130.954;122.9853;87.0088;87.0183;228.9755
S0037;180.0666;238.0252;221.0932;216.0433;202.0486;198.0772;162.0561;144.0455;136.0768;100.1003;100.1098;242.067
S0153;215.1652;273.1239;256.1918;251.1419;237.1472;233.1758;197.1547;179.1441;171.1754;135.1989;135.2085;277.1657
S0276;258.0384;315.997;299.065;294.0151;280.0204;276.049;240.0279;222.0173;214.0486;178.0721;178.0816;320.0388
S0266;300.049;358.0076;341.0755;336.0257;322.0309;318.0596;282.0384;264.0279;256.0592;220.0827;220.0922;362.0494
S0116;346.0558;404.0144;387.0824;382.0325;368.0378;364.0664;328.0452;310.0347;302.066;266.0895;266.099;408.0562
S0280;565.0477;623.0064;606.0743;601.0244;587.0297;583.0583;547.0372;529.0266;521.0579;485.0814;485.0909;627.0481
S0017;88.0404;145.999;129.067;124.0171;110.0223;106.051;70.0298;52.0193;44.0506;8.0741;8.0836;150.0408
S0169;115.04;172.9987;156.0666;151.0167;137.022;133.0506;97.0295;79.0189;71.0502;35.0737;35.0833;177.0405
S0114;129.1033;187.062;170.1299;165.08;151.0853;147.1139;111.0928;93.0822;85.1135;49.137;49.1465;191.1037
S0181;139.9754;197.9341;181.002;175.9521;161.9574;157.986;121.9649;103.9543;95.9856;60.0091;60.0186;201.9758
S0054;154.0622;212.0208;195.0887;190.0389;176.0441;172.0728;136.0516;118.0411;110.0724;74.0959;74.1054;216.0626
S0032;167.021;224.9797;208.0476;202.9977;189.003;185.0316;149.0105;130.9999;123.0312;87.0547;87.0642;229.0215
S0014;180.0666;238.0252;221.0932;216.0433;202.0486;198.0772;162.0561;144.0455;136.0768;100.1003;100.1098;242.067
S0121;217.0982;275.0569;258.1248;253.0749;239.0802;235.1088;199.0877;181.0771;173.1084;137.1319;137.1414;279.0986
S0275;259.0224;316.9811;300.049;294.9991;281.0044;277.033;241.0119;223.0013;215.0326;179.0561;179.0656;321.0228
S0178;306.0496;364.0083;347.0762;342.0263;328.0316;324.0602;288.0391;270.0285;262.0598;226.0833;226.0928;368.0501
S0034;346.0558;404.0144;387.0824;382.0325;368.0378;364.0664;328.0452;310.0347;302.066;266.0895;266.099;408.0562
S0262;565.0477;623.0064;606.0743;601.0244;587.0297;583.0583;547.0372;529.0266;521.0579;485.0814;485.0909;627.0481
S0310;88.988;146.9467;130.0146;124.9647;110.97;106.9986;70.9775;52.9669;44.9982;9.0217;9.0312;150.9884
S0074;116.0353;173.9939;157.0619;152.012;138.0173;134.0459;98.0248;80.0142;72.0455;36.069;36.0785;178.0357
S0144;130.0509;188.0096;171.0775;166.0276;152.0329;148.0615;112.0404;94.0298;86.0611;50.0846;50.0942;192.0514
S0033;145.0142;202.9729;186.0408;180.9909;166.9962;163.0248;127.0037;108.9931;101.0244;65.0479;65.0574;207.0146
S0045;155.0098;212.9685;196.0364;190.9865;176.9918;173.0204;136.9993;118.9887;111.02;75.0435;75.053;217.0102
S0133;167.035;224.9936;208.0615;203.0117;189.0169;185.0455;149.0244;131.0139;123.0452;87.0687;87.0782;229.0354
S0004;181.0717;239.0304;222.0983;217.0484;203.0537;199.0823;163.0612;145.0506;137.0819;101.1054;101.1149;243.0722
S0162;220.0826;278.0413;261.1092;256.0593;242.0646;238.0932;202.0721;184.0615;176.0928;140.1163;140.1258;282.0831
S0069;259.0224;316.9811;300.049;294.9991;281.0044;277.033;241.0119;223.0013;215.0326;179.0561;179.0656;321.0228
S0119;306.0765;364.0352;347.1031;342.0532;328.0585;324.0871;288.066;270.0554;262.0867;226.1102;226.1197;368.0769
S0091;347.0398;404.9984;388.0664;383.0165;369.0218;365.0504;329.0293;311.0187;303.05;267.0735;267.083;409.0402
S0195;606.0743;664.0329;647.1008;642.051;628.0562;624.0849;588.0637;570.0532;562.0845;526.108;526.1175;668.0747
S0131;89.0244;146.983;130.051;125.0011;111.0064;107.035;71.0139;53.0033;45.0346;9.0581;9.0676;151.0248
S0066;116.0717;174.0303;157.0983;152.0484;138.0536;134.0823;98.0611;80.0506;72.0819;36.1054;36.1149;178.0721
S0149;130.0509;188.0096;171.0775;166.0276;152.0329;148.0615;112.0404;94.0298;86.0611;50.0846;50.0942;192.0514
S0016;145.0506;203.0093;186.0772;181.0273;167.0326;163.0612;127.0401;109.0295;101.0608;65.0843;65.0938;207.051
S0086;158.0822;216.0409;199.1088;194.0589;180.0642;176.0928;140.0717;122.0611;114.0924;78.1159;78.1255;220.0827
S0030;168.0666;226.0252;209.0932;204.0433;190.0486;186.0772;150.0561;132.0455;124.0768;88.1003;88.1098;230.067
S0151;181.0717;239.0304;222.0983;217.0484;203.0537;199.0823;163.0612;145.0506;137.0819;101.1054;101.1149;243.0722
S0277;220.0826;278.0413;261.1092;256.0593;242.0646;238.0932;202.0721;184.0615;176.0928;140.1163;140.1258;282.0831
S0307;259.0224;316.9811;300.049;294.9991;281.0044;277.033;241.0119;223.0013;215.0326;179.0561;179.0656;321.0228
S0255;308.0987;366.0573;349.1253;344.0754;330.0806;326.1093;290.0881;272.0776;264.1089;228.1324;228.1419;370.0991
S0127;362.0507;420.0093;403.0773;398.0274;384.0327;380.0613;344.0402;326.0296;318.0609;282.0844;282.0939;424.0511
S0267;606.0743;664.0329;647.1008;642.051;628.0562;624.0849;588.0637;570.0532;562.0845;526.108;526.1175;668.0747
S0308;89.0244;146.983;130.051;125.0011;111.0064;107.035;71.0139;53.0033;45.0346;9.0581;9.0676;151.0248
S0079;116.0717;174.0303;157.0983;152.0484;138.0536;134.0823;98.0611;80.0506;72.0819;36.1054;36.1149;178.0721
S0038;130.0509;188.0096;171.0775;166.0276;152.0329;148.0615;112.0404;94.0298;86.0611;50.0846;50.0942;192.0514
S0076;145.0506;203.0093;186.0772;181.0273;167.0326;163.0612;127.0401;109.0295;101.0608;65.0843;65.0938;207.051
S0136;158.0822;216.0409;199.1088;194.0589;180.0642;176.0928;140.0717;122.0611;114.0924;78.1159;78.1255;220.0827
S0306;168.0666;226.0252;209.0932;204.0433;190.0486;186.0772;150.0561;132.0455;124.0768;88.1003;88.1098;230.067
S0164;184.0016;241.9603;225.0282;219.9783;205.9836;202.0122;165.9911;147.9805;140.0118;104.0353;104.0448;246.002
S0278;220.0826;278.0413;261.1092;256.0593;242.0646;238.0932;202.0721;184.0615;176.0928;140.1163;140.1258;282.0831
S0113;259.0224;316.9811;300.049;294.9991;281.0044;277.033;241.0119;223.0013;215.0326;179.0561;179.0656;321.0228
S0258;308.9782;366.9368;350.0048;344.9549;330.9602;326.9888;290.9676;272.9571;264.9884;229.0119;229.0214;370.9786
S0264;386.016;443.9746;427.0425;421.9927;407.9979;404.0266;368.0054;349.9949;342.0262;306.0497;306.0592;448.0164
S0174;662.1018;720.0605;703.1284;698.0785;684.0838;680.1124;644.0913;626.0807;618.112;582.1355;582.145;724.1022
S0022;89.0608;147.0194;130.0874;125.0375;111.0427;107.0714;71.0502;53.0397;45.071;9.0945;9.104;151.0612
S0018;116.0717;174.0303;157.0983;152.0484;138.0536;134.0823;98.0611;80.0506;72.0819;36.1054;36.1149;178.0721
S0051;130.0509;188.0096;171.0775;166.0276;152.0329;148.0615;112.0404;94.0298;86.0611;50.0846;50.0942;192.0514
S0061;145.0618;203.0205;186.0884;181.0385;167.0438;163.0724;127.0513;109.0407;101.072;65.0955;65.1051;207.0623
S0150;159.0775;217.0361;200.1041;195.0542;181.0595;177.0881;141.067;123.0564;115.0877;79.1112;79.1207;221.0779
S0189;168.9907;226.9494;210.0173;204.9674;190.9727;187.0013;150.9802;132.9696;125.0009;89.0244;89.0339;230.9911
S0302;187.0724;245.0311;228.099;223.0491;209.0544;205.083;169.0619;151.0513;143.0826;107.1061;107.1156;249.0728
S0085;221.0601;279.0188;262.0867;257.0368;243.0421;239.0707;203.0496;185.039;177.0703;141.0938;141.1033;283.0605
S0274;259.0224;316.9811;300.049;294.9991;281.0044;277.033;241.0119;223.0013;215.0326;179.0561;179.0656;321.0228
S0176;321.0493;379.0079;362.0759;357.026;343.0313;339.0599;303.0388;285.0282;277.0595;241.083;241.0925;383.0497
S0225;401.0156;458.9743;442.0422;436.9923;422.9976;419.0262;383.0051;364.9945;357.0258;321.0493;321.0588;463.016
S0036;744.0838;802.0424;785.1104;780.0605;766.0658;762.0944;726.0733;708.0627;700.094;664.1175;664.127;806.0842
S0265;101.0244;158.983;142.051;137.0011;123.0064;119.035;83.0139;65.0033;57.0346;21.0581;21.0676;163.0248
S0005;117.0193;174.978;158.0459;152.996;139.0013;135.0299;99.0088;80.9982;73.0295;37.053;37.0625;179.0197
S0157;130.0622;188.0208;171.0887;166.0389;152.0441;148.0728;112.0516;94.0411;86.0724;50.0959;50.1054;192.0626
S0020;145.0618;203.0205;186.0884;181.0385;167.0438;163.0724;127.0513;109.0407;101.072;65.0955;65.1051;207.0623
S0252;159.0775;217.0361;200.1041;195.0542;181.0595;177.0881;141.067;123.0564;115.0877;79.1112;79.1207;221.0779
S0305;171.0064;228.965;212.033;206.9831;192.9883;189.017;152.9958;134.9853;127.0166;91.0401;91.0496;233.0068
S0096;187.1339;245.0926;228.1605;223.1106;209.1159;205.1445;169.1234;151.1128;143.1441;107.1676;107.1772;249.1344
S0271;221.0601;279.0188;262.0867;257.0368;243.0421;239.0707;203.0496;185.039;177.0703;141.0938;141.1033;283.0605
S0183;259.0224;316.9811;300.049;294.9991;281.0044;277.033;241.0119;223.0013;215.0326;179.0561;179.0656;321.0228
S0053;322.0446;380.0032;363.0711;358.0213;344.0265;340.0551;304.034;286.0234;278.0547;242.0782;242.0878;384.045
S0182;402.0109;459.9695;443.0375;437.9876;423.9928;420.0215;384.0003;365.9898;358.0211;322.0446;322.0541;464.0113
S0192;784.1498;842.1085;825.1764;820.1265;806.1318;802.1604;766.1393;748.1287;740.16;704.1835;704.193;846.1503
S0002;101.0608;159.0194;142.0874;137.0375;123.0427;119.0714;83.0502;65.0397;57.071;21.0945;21.104;163.0612
S0035;117.0193;174.978;158.0459;152.996;139.0013;135.0299;99.0088;80.9982;73.0295;37.053;37.0625;179.0197
S0013;130.0873;188.046;171.1139;166.064;152.0693;148.0979;112.0768;94.0662;86.0975;50.121;50.1305;192.0877
S0154;145.0982;203.0569;186.1248;181.0749;167.0802;163.1088;127.0877;109.0771;101.1084;65.1319;65.1414;207.0986
S0140;160.0615;218.0202;201.0881;196.0382;182.0435;178.0721;142.051;124.0404;116.0717;80.0952;80.1047;222.0619
S0224;171.0775;229.0361;212.1041;207.0542;193.0595;189.0881;153.067;135.0564;127.0877;91.1112;91.1207;233.0779
S0147;187.1339;245.0926;228.1605;223.1106;209.1159;205.1445;169.1234;151.1128;143.1441;107.1676;107.1772;249.1344
S0122;222.0772;280.0358;263.1037;258.0539;244.0591;240.0877;204.0666;186.0561;178.0874;142.1109;142.1204;284.0776
S0202;261.0381;318.9967;302.0646;297.0148;283.02;279.0487;243.0275;225.017;217.0483;181.0718;181.0813;323.0385
S0177;323.0286;380.9872;364.0551;359.0053;345.0105;341.0392;305.018;287.0075;279.0388;243.0623;243.0718;385.029
S0261;402.9949;460.9535;444.0215;438.9716;424.9769;421.0055;384.9844;366.9738;359.0051;323.0286;323.0381;464.9953
S0129;101.0608;159.0194;142.0874;137.0375;123.0427;119.0714;83.0502;65.0397;57.071;21.0945;21.104;163.0612
S0117;117.0557;175.0143;158.0823;153.0324;139.0377;135.0663;99.0452;81.0346;73.0659;37.0894;37.0989;179.0561
S0112;130.0873;188.046;171.1139;166.064;152.0693;148.0979;112.0768;94.0662;86.0975;50.121;50.1305;192.0877
S0009;146.0459;204.0045;187.0724;182.0226;168.0278;164.0564;128.0353;110.0248;102.0561;66.0796;66.0891;208.0463
S0210;161.0455;219.0042;202.0721;197.0222;183.0275;179.0561;143.035;125.0244;117.0557;81.0792;81.0887;223.0459
S0081;172.0979;230.0565;213.1245;208.0746;194.0799;190.1085;154.0874;136.0768;128.1081;92.1316;92.1411;234.0983
S0077;188.0564;246.0151;229.083;224.0331;210.0384;206.067;170.0459;152.0353;144.0666;108.0901;108.0996;250.0568
S0203;227.0326;284.9912;268.0592;263.0093;249.0146;245.0432;209.022;191.0115;183.0428;147.0663;147.0758;289.033
S0093;263.1037;321.0624;304.1303;299.0804;285.0857;281.1143;245.0932;227.0826;219.1139;183.1374;183.1469;325.1041
S0170;328.0452;386.0039;369.0718;364.0219;350.0272;346.0558;310.0347;292.0241;284.0554;248.0789;248.0884;390.0456
S0279;421.0752;479.0339;462.1018;457.0519;443.0572;439.0858;403.0647;385.0541;377.0854;341.1089;341.1185;483.0757
S0125;101.1084;159.067;142.135;137.0851;123.0904;119.119;83.0979;65.0873;57.1186;21.1421;21.1516;163.1088
S0064;118.0509;176.0096;159.0775;154.0276;140.0329;136.0615;100.0404;82.0298;74.0611;38.0846;38.0942;180.0514
S0175;130.9986;188.9572;172.0251;166.9753;152.9805;149.0092;112.988;94.9775;87.0088;51.0323;51.0418;192.999
S0254;146.0459;204.0045;187.0724;182.0226;168.0278;164.0564;128.0353;110.0248;102.0561;66.0796;66.0891;208.0463
S0171;163.04;220.9987;204.0666;199.0167;185.022;181.0506;145.0295;127.0189;119.0502;83.0737;83.0833;225.0405
S0134;172.0979;230.0565;213.1245;208.0746;194.0799;190.1085;154.0874;136.0768;128.1081;92.1316;92.1411;234.0983
S0103;190.0543;248.013;231.0809;226.031;212.0363;208.0649;172.0438;154.0332;146.0645;110.088;110.0975;252.0547
S0094;227.0673;285.026;268.0939;263.044;249.0493;245.0779;209.0568;191.0462;183.0775;147.101;147.1105;289.0677
S0043;266.0895;324.0481;307.116;302.0662;288.0714;284.1;248.0789;230.0683;222.0996;186.1231;186.1327;328.0899
S0184;330.0609;388.0195;371.0874;366.0376;352.0428;348.0715;312.0503;294.0398;286.0711;250.0946;250.1041;392.0613
S0199;426.0221;483.9808;467.0487;461.9988;448.0041;444.0327;408.0116;390.001;382.0323;346.0558;346.0653;488.0225
S0025;102.056;160.0147;143.0826;138.0327;124.038;120.0666;84.0455;66.0349;58.0662;22.0897;22.0992;164.0564
S0152;118.0509;176.0096;159.0775;154.0276;140.0329;136.0615;100.0404;82.0298;74.0611;38.0846;38.0942;180.0514
S0155;131.0462;189.0048;172.0728;167.0229;153.0282;149.0568;113.0357;95.0251;87.0564;51.0799;51.0894;193.0466
S0145;147.0663;205.0249;188.0928;183.043;169.0482;165.0768;129.0557;111.0452;103.0765;67.1;67.1095;209.0667
S0166;163.0612;221.0198;204.0877;199.0379;185.0431;181.0718;145.0506;127.0401;119.0714;83.0949;83.1044;225.0616
S0256;173.0931;231.0518;214.1197;209.0698;195.0751;191.1037;155.0826;137.072;129.1033;93.1268;93.1364;235.0936
S0141;191.0197;248.9783;232.0463;226.9964;213.0017;209.0303;173.0092;154.9986;147.0299;111.0534;111.0629;253.0201
S0115;227.1401;285.0987;268.1667;263.1168;249.1221;245.1507;209.1296;191.119;183.1503;147.1738;147.1833;289.1405
S0067;267.0735;325.0321;308.1;303.0502;289.0554;285.0841;249.0629;231.0524;223.0837;187.1072;187.1167;329.0739
S0273;338.9887;396.9474;380.0153;374.9655;360.9707;356.9993;320.9782;302.9676;294.9989;259.0224;259.032;400.9892
S0253;442.017;499.9757;483.0436;477.9937;463.999;460.0276;424.0065;405.9959;398.0272;362.0507;362.0602;504.0174
S0052;103.0037;160.9623;144.0302;138.9804;124.9856;121.0142;84.9931;66.9826;59.0139;23.0374;23.0469;165.0041
S0126;119.035;176.9936;160.0615;155.0117;141.0169;137.0455;101.0244;83.0139;75.0452;39.0687;39.0782;181.0354
S0123;131.0713;189.03;172.0979;167.048;153.0533;149.0819;113.0608;95.0502;87.0815;51.105;51.1146;193.0718
S0062;148.0437;206.0024;189.0703;184.0205;170.0257;166.0543;130.0332;112.0226;104.0539;68.0774;68.087;210.0442
S0148;163.0612;221.0198;204.0877;199.0379;185.0431;181.0718;145.0506;127.0401;119.0714;83.0949;83.1044;225.0616
S0111;173.1044;231.063;214.1309;209.0811;195.0863;191.115;155.0938;137.0833;129.1146;93.1381;93.1476;235.1048
S0021;191.0561;249.0147;232.0827;227.0328;213.0381;209.0667;173.0455;155.035;147.0663;111.0898;111.0993;253.0565
S0216;229.0119;286.9705;270.0384;264.9886;250.9938;247.0224;211.0013;192.9907;185.022;149.0455;149.0551;291.0123
S0185;275.0173;332.976;316.0439;310.994;296.9993;293.0279;257.0068;238.9962;231.0275;195.051;195.0605;337.0178
S0167;341.1089;399.0676;382.1355;377.0856;363.0909;359.1195;323.0984;305.0878;297.1191;261.1426;261.1521;403.1093
S0172;455.0973;513.056;496.1239;491.074;477.0793;473.1079;437.0868;419.0762;411.1075;375.131;375.1405;517.0977
S0309;103.04;160.9987;144.0666;139.0167;125.022;121.0506;85.0295;67.0189;59.0502;23.0737;23.0833;165.0405
S0015;121.0295;178.9881;162.0561;157.0062;143.0114;139.0401;103.0189;85.0084;77.0397;41.0632;41.0727;183.0299
S0163;131.0826;189.0412;172.1092;167.0593;153.0645;149.0932;113.072;95.0615;87.0928;51.1163;51.1258;193.083
S0057;149.0091;206.9678;190.0357;184.9858;170.9911;167.0197;130.9986;112.988;105.0193;69.0428;69.0523;211.0096
S0029;164.0717;222.0303;205.0983;200.0484;186.0536;182.0823;146.0611;128.0506;120.0819;84.1054;84.1149;226.0721
S0070;174.0408;231.9994;215.0673;210.0175;196.0227;192.0514;156.0302;138.0197;130.051;94.0745;94.084;236.0412
S0026;193.0354;250.994;234.0619;229.0121;215.0173;211.0459;175.0248;157.0142;149.0455;113.069;113.0786;255.0358
S0259;229.0119;286.9705;270.0384;264.9886;250.9938;247.0224;211.0013;192.9907;185.022;149.0455;149.0551;291.0123
S0143;282.0844;340.043;323.1109;318.0611;304.0663;300.095;264.0738;246.0633;238.0946;202.1181;202.1276;344.0848
S0028;341.1089;399.0676;382.1355;377.0856;363.0909;359.1195;323.0984;305.0878;297.1191;261.1426;261.1521;403.1093
S0217;465.9823;523.9409;507.0089;501.959;487.9643;483.9929;447.9718;429.9612;421.9925;386.016;386.0255;527.9827
S0060;104.0353;161.9939;145.0619;140.012;126.0173;122.0459;86.0248;68.0142;60.0455;24.069;24.0785;166.0357
S0010;121.0407;178.9994;162.0673;157.0174;143.0227;139.0513;103.0302;85.0196;77.0509;41.0744;41.0839;183.0411
S0156;132.0302;189.9889;173.0568;168.0069;154.0122;150.0408;114.0197;96.0091;88.0404;52.0639;52.0734;194.0306
S0041;149.0455;207.0042;190.0721;185.0222;171.0275;167.0561;131.035;113.0244;105.0557;69.0792;69.0887;211.0459
S0072;165.0557;223.0143;206.0823;201.0324;187.0377;183.0663;147.0452;129.0346;121.0659;85.0894;85.0989;227.0561
S0142;174.0884;232.047;215.115;210.0651;196.0704;192.099;156.0779;138.0673;130.0986;94.1221;94.1316;236.0888
S0001;195.051;253.0096;236.0776;231.0277;217.033;213.0616;177.0405;159.0299;151.0612;115.0847;115.0942;257.0514
S0215;229.0119;286.9705;270.0384;264.9886;250.9938;247.0224;211.0013;192.9908;185.0221;149.0455;149.0551;291.0123
S0099;283.0684;341.027;324.095;319.0451;305.0504;301.079;265.0578;247.0473;239.0786;203.1021;203.1116;345.0688
S0087;341.1089;399.0676;382.1355;377.0856;363.0909;359.1195;323.0984;305.0878;297.1191;261.1426;261.1521;403.1093
S0194;480.982;538.9406;522.0085;516.9587;502.9639;498.9926;462.9714;444.9609;436.9922;401.0157;401.0252;542.9824
S0132;105.0193;162.978;146.0459;140.996;127.0013;123.0299;87.0088;68.9982;61.0295;25.053;25.0625;167.0197
S0011;122.0247;179.9834;163.0513;158.0014;144.0067;140.0353;104.0142;86.0036;78.0349;42.0584;42.0679;184.0251
S0027;133.0142;190.9729;174.0408;168.9909;154.9962;151.0248;115.0037;96.9931;89.0244;53.0479;53.0574;195.0146
S0089;150.0421;208.0008;191.0687;186.0188;172.0241;168.0527;132.0316;114.021;106.0523;70.0758;70.0853;212.0425
S0124;165.0557;223.0143;206.0823;201.0324;187.0377;183.0663;147.0452;129.0346;121.0659;85.0894;85.0989;227.0561
S0272;176.0387;233.9973;217.0652;212.0154;198.0206;194.0493;158.0281;140.0176;132.0489;96.0724;96.0819;238.0391
S0200;199.0013;256.9599;240.0279;234.978;220.9833;217.0119;180.9907;162.9802;155.0115;119.035;119.0445;261.0017
S0105;241.083;299.0416;282.1095;277.0597;263.0649;259.0936;223.0724;205.0619;197.0932;161.1167;161.1262;303.0834
S0090;285.2071;343.1658;326.2337;321.1838;307.1891;303.2177;267.1966;249.186;241.2173;205.2408;205.2503;347.2075
S0097;341.1089;399.0676;382.1355;377.0856;363.0909;359.1195;323.0984;305.0878;297.1191;261.1426;261.1521;403.1093
S0212;481.9772;539.9359;523.0038;517.9539;503.9592;499.9878;463.9667;445.9561;437.9874;402.0109;402.0204;543.9776
S0044;110.036;167.9946;151.0625;146.0127;132.0179;128.0466;92.0254;74.0149;66.0462;30.0697;30.0792;172.0364
S0078;124.0074;181.966;165.0339;159.9841;145.9893;142.018;105.9968;87.9863;80.0176;44.0411;44.0506;186.0078
S0110;133.0506;191.0093;174.0772;169.0273;155.0326;151.0612;115.0401;97.0295;89.0608;53.0843;53.0938;195.051
S0048;151.0261;208.9848;192.0527;187.0028;173.0081;169.0367;133.0156;115.005;107.0363;71.0598;71.0693;213.0265
S0073;165.0557;223.0143;206.0823;201.0324;187.0377;183.0663;147.0452;129.0346;121.0659;85.0894;85.0989;227.0561
S0056;178.0509;236.0096;219.0775;214.0276;200.0329;196.0615;160.0404;142.0298;134.0611;98.0846;98.0942;240.0514
S0049;203.0826;261.0412;244.1092;239.0593;225.0645;221.0932;185.072;167.0615;159.0928;123.1163;123.1258;265.083
S0102;242.0782;300.0369;283.1048;278.0549;264.0602;260.0888;224.0677;206.0571;198.0884;162.1119;162.1214;304.0786
S0205;289.033;346.9916;330.0596;325.0097;311.015;307.0436;271.0224;253.0119;245.0432;209.0667;209.0762;351.0334
S0201;341.1089;399.0676;382.1355;377.0856;363.0909;359.1195;323.0984;305.0878;297.1191;261.1426;261.1521;403.1093
S0196;482.9612;540.9199;523.9878;518.9379;504.9432;500.9718;464.9507;446.9401;438.9714;402.9949;403.0044;544.9616